epoch;acc;loss;top_k_categorical_accuracy;val_acc;val_loss;val_top_k_categorical_accuracy
0;0.2753999999952316;4.4055942950439455;0.775799999961853;0.2504;4.442053616333008;0.7651
1;0.4163800000190735;3.984384262237549;0.9006799999809265;0.3526;4.120836405181885;0.8693
2;0.4796000000190735;3.820016735153198;0.9256200000381469;0.4882;3.7920697685241698;0.9346
3;0.51988;3.7074184892272948;0.9381800000190735;0.5292;3.6612873046875;0.9459
