epoch;acc;loss;val_acc;val_loss
0;0.09998;603.8809450390625;0.1;538.9128393554688
1;0.10000000000953674;469.60985299804685;0.1;402.174375390625
